{"cameraMode":{"drawMode":0,"name":"Shaded","section":"Shading Mode"},"sceneLighting":true,"audioPlay":false,"sceneViewState":{"showFog":false,"showMaterialUpdate":false,"showSkybox":false,"showFlares":false,"showImageEffects":false,"showParticleSystems":false},"in2DMode":false,"pivot":{"x":-1.4532278776168824,"y":6.219491004943848,"z":-3.7058544158935549},"rotation":{"x":-0.5410465002059937,"y":0.016898641362786294,"z":-0.010874765925109387,"w":-0.8407526016235352},"size":4.383238315582275,"orthographic":false}