{"cameraMode":{"drawMode":0,"name":"Shaded","section":"Shading Mode"},"sceneLighting":true,"audioPlay":false,"sceneViewState":{"showFog":false,"showMaterialUpdate":false,"showSkybox":false,"showFlares":false,"showImageEffects":false,"showParticleSystems":false},"in2DMode":false,"pivot":{"x":-0.40722763538360598,"y":5.183248996734619,"z":-5.493812561035156},"rotation":{"x":-0.3412073254585266,"y":0.02311738207936287,"z":-0.008394312113523484,"w":-0.9396663308143616},"size":4.983238697052002,"orthographic":false}