{"cameraMode":{"drawMode":0,"name":"Shaded","section":"Shading Mode"},"sceneLighting":true,"audioPlay":false,"sceneViewState":{"showFog":false,"showMaterialUpdate":false,"showSkybox":false,"showFlares":false,"showImageEffects":false,"showParticleSystems":false},"in2DMode":false,"pivot":{"x":0.738253116607666,"y":6.089031219482422,"z":-3.9045774936676027},"rotation":{"x":-0.5410465002059937,"y":0.016898641362786294,"z":-0.010874765925109387,"w":-0.8407526016235352},"size":4.383238315582275,"orthographic":false}