{"cameraMode":{"drawMode":0,"name":"Shaded","section":"Shading Mode"},"sceneLighting":true,"audioPlay":false,"sceneViewState":{"showFog":false,"showMaterialUpdate":false,"showSkybox":false,"showFlares":false,"showImageEffects":false,"showParticleSystems":false},"in2DMode":false,"pivot":{"x":0.4394935071468353,"y":5.739790916442871,"z":-5.354885578155518},"rotation":{"x":-0.3998013436794281,"y":-0.00632753549143672,"z":0.002759923692792654,"w":-0.9165758490562439},"size":4.983238697052002,"orthographic":false}