{"cameraMode":{"drawMode":0,"name":"Shaded","section":"Shading Mode"},"sceneLighting":true,"audioPlay":false,"sceneViewState":{"showFog":true,"showMaterialUpdate":false,"showSkybox":true,"showFlares":true,"showImageEffects":true,"showParticleSystems":true},"in2DMode":false,"pivot":{"x":0.5476831793785095,"y":-14.490167617797852,"z":1.8642579317092896},"rotation":{"x":0.6573572158813477,"y":0.0022569422144442798,"z":-0.0019687802996486427,"w":0.7535746097564697},"size":27.67352867126465,"orthographic":false}