{"cameraMode":{"drawMode":0,"name":"Shaded","section":"Shading Mode"},"sceneLighting":true,"audioPlay":false,"sceneViewState":{"showFog":true,"showMaterialUpdate":false,"showSkybox":true,"showFlares":true,"showImageEffects":true,"showParticleSystems":true},"in2DMode":false,"pivot":{"x":6.416065216064453,"y":-9.212368965148926,"z":13.973982810974121},"rotation":{"x":0.3849756717681885,"y":0.06773769855499268,"z":-0.02834480069577694,"w":0.92000412940979},"size":35.26384735107422,"orthographic":false}